date_stamp;anger_intensity;fear_intensity;sadness_intensity;joy_intensity;hospitalized_cum;hospitalized;death_cum;death;recovered_cum;recovered;cases_cum;cases
01/28/2020;0.444940378;0.506288961;0.430167946;0.284771547;0;0;0;0;0;0;44;44
01/29/2020;0.447988459;0.493581272;0.426412854;0.289042225;0;0;0;0;0;0;45;1
01/30/2020;0.446620128;0.492122963;0.426977747;0.290846745;0;0;0;0;0;0;47;2
01/31/2020;0.447245;0.491296033;0.426351319;0.28863579;0;0;0;0;0;0;51;4
02/01/2020;0.443589911;0.483847619;0.420860452;0.289790234;0;0;0;0;0;0;55;4
02/02/2020;0.444982356;0.491868383;0.425278875;0.289941917;0;0;210;210;0;0;598;543
02/03/2020;0.438263884;0.493258816;0.422189151;0.294725763;0;0;210;0;0;0;630;32
02/04/2020;0.437914662;0.491388527;0.422116511;0.293251393;0;0;210;0;0;0;637;7
02/05/2020;0.43803906;0.496849464;0.424432596;0.290448324;0;0;210;0;0;0;642;5
02/06/2020;0.433728413;0.504550657;0.427087765;0.293374115;0;0;210;0;0;0;642;0
02/07/2020;0.448157323;0.509375613;0.440093477;0.279161906;0;0;210;0;0;0;647;5
02/08/2020;0.443818674;0.496395384;0.430848228;0.286823031;0;0;211;1;0;0;654;7
02/09/2020;0.443848295;0.498317692;0.432675751;0.284973186;0;0;211;0;0;0;689;35
02/10/2020;0.446191015;0.501134464;0.435374175;0.281020264;0;0;211;0;0;0;697;8
02/11/2020;0.444454339;0.486895594;0.4219502;0.289641255;0;0;211;0;0;0;705;8
02/12/2020;0.4322141;0.460914337;0.405617744;0.305162046;0;0;211;0;0;0;715;10
02/13/2020;0.43596332;0.466757071;0.409539953;0.304772014;0;0;211;0;0;0;720;5
02/14/2020;0.437846848;0.468799602;0.411773192;0.302982216;0;0;211;0;0;0;727;7
02/15/2020;0.433602161;0.466673707;0.409240177;0.305917649;0;0;211;0;0;0;732;5
02/16/2020;0.436257704;0.46087105;0.408295584;0.306357017;0;0;211;0;0;0;742;10
02/17/2020;0.43596848;0.45921703;0.402573781;0.308873451;0;0;211;0;0;0;760;18
02/18/2020;0.437468211;0.481878367;0.420221444;0.297236261;0;0;211;0;0;0;767;7
02/19/2020;0.433280922;0.469977392;0.411974767;0.303333868;0;0;212;1;0;0;783;16
02/20/2020;0.437034895;0.471137641;0.412304847;0.30088643;0;0;212;0;0;0;795;12
02/21/2020;0.436636012;0.480653084;0.416570462;0.293871638;0;0;212;0;0;0;813;18
02/22/2020;0.435896593;0.481838613;0.415617454;0.293835625;0;0;212;0;0;0;839;26
02/23/2020;0.442917806;0.481371639;0.418672454;0.286358888;0;0;212;0;0;0;861;22
02/24/2020;0.441467053;0.485235392;0.420092312;0.286444985;0;0;212;0;0;0;880;19
02/25/2020;0.444886995;0.483319854;0.419346667;0.281317814;0;0;212;0;0;0;904;24
02/26/2020;0.451311003;0.483756754;0.4230277;0.277259993;0;0;212;0;0;0;947;43
02/27/2020;0.454240313;0.480545069;0.42278457;0.279108402;0;0;213;1;0;0;981;34
02/28/2020;0.455088504;0.476705887;0.421829671;0.278134771;0;0;213;0;0;0;1032;51
02/29/2020;0.453287855;0.461814157;0.414538158;0.283178213;0;0;214;1;0;0;1070;38
03/01/2020;0.454402315;0.476563957;0.42452749;0.27954983;0;0;214;0;0;0;1160;90
03/02/2020;0.448224203;0.476185898;0.420737271;0.286519863;0;0;220;6;0;0;1238;78
03/03/2020;0.448565338;0.476010435;0.421338092;0.284869952;0;0;223;3;0;0;1409;171
03/04/2020;0.449189601;0.472092608;0.420781871;0.286390521;4;4;225;2;0;0;1549;140
03/05/2020;0.450017912;0.471082088;0.420692509;0.287871228;5;1;227;2;0;0;1717;168
03/06/2020;0.446373205;0.467589035;0.417606581;0.290693926;6;1;230;3;0;0;1931;214
03/07/2020;0.446964162;0.46726904;0.418924295;0.290988804;6;0;235;5;0;0;2197;266
03/08/2020;0.450953915;0.468008527;0.420604309;0.289792467;6;0;240;5;0;0;2544;347
03/09/2020;0.455120875;0.467741111;0.421713318;0.280667254;9;3;246;6;0;0;3155;611
03/10/2020;0.454338255;0.46910019;0.42352291;0.282843938;9;0;251;5;0;0;3825;670
03/11/2020;0.449977907;0.459619661;0.41961304;0.292964902;12;3;265;14;0;0;4714;889
03/12/2020;0.451855239;0.452878055;0.418831297;0.298430607;17;5;272;7;0;0;5860;1146
03/13/2020;0.448892682;0.449116082;0.417585042;0.301844947;23;6;283;11;0;0;7189;1329
03/14/2020;0.44218696;0.442955113;0.412409268;0.307313488;27;4;296;13;0;0;8979;1790
03/15/2020;0.438397072;0.439298443;0.407947339;0.308733646;37;10;315;19;0;0;11916;2937
03/16/2020;0.43712982;0.440518107;0.409837171;0.308570659;43;6;337;22;0;0;14858;2942
03/17/2020;0.440236605;0.439720287;0.411601522;0.307461311;76;33;367;30;0;0;18935;4077
03/18/2020;0.432020784;0.435252558;0.406039692;0.310051001;94;18;438;71;0;0;25047;6112
03/19/2020;0.439190266;0.439617893;0.409208969;0.306536406;128;34;507;69;0;0;32297;7250
03/20/2020;0.434369297;0.435198626;0.40592797;0.311921777;172;44;597;90;0;0;40582;8285
03/21/2020;0.438334683;0.438648513;0.409973493;0.31117731;488;316;711;114;0;0;50492;9910
03/22/2020;0.433831012;0.438841047;0.408184377;0.31176254;627;139;840;129;0;0;61992;11500
03/23/2020;0.435154913;0.44125813;0.409640631;0.305663204;817;190;1007;167;0;0;73632;11640
03/24/2020;0.427590877;0.438094425;0.406724946;0.306079807;1078;261;1228;221;0;0;85673;12041
03/25/2020;0.427867249;0.433821425;0.404589311;0.312693697;1951;873;1522;294;146;146;100524;14851
03/26/2020;0.428230391;0.434852391;0.405853137;0.312403678;2606;655;1866;344;243;97;119885;19361
3/27/2020;0.428021286;0.436705439;0.40599744;0.312828238;3383;777;2375;509;616;373;140573;20688
3/28/2020;0.42839324;0.433793277;0.405593606;0.315946415;4065;682;2907;532;1035;419;161536;20963
3/29/2020;0.435007169;0.441549635;0.411906704;0.308528541;4624;559;3466;559;1539;504;182902;21366
3/30/2020;0.435030821;0.442672022;0.413769581;0.307918415;5208;584;4237;771;1895;356;204728;21826
3/31/2020;0.426468395;0.435331037;0.406825345;0.313242946;6700;1492;5217;980;2607;712;227846;23118
04/01/2020;0.428464641;0.435464347;0.407087011;0.311544805;8002;1302;6343;1126;3549;942;256507;28661
04/02/2020;0.43148867;0.436640394;0.409095252;0.31093198;9322;1320;7701;1358;4676;1127;286526;30019
04/03/2020;0.429093904;0.435469791;0.40637493;0.310815101;10511;1189;9090;1389;6659;1983;318172;31646
04/04/2020;0.4311838;0.436187508;0.407836079;0.310081065;12243;1732;10661;1571;8992;2333;350695;32523
04/05/2020;0.437303232;0.440709108;0.411854143;0.304870112;13374;1131;12550;1889;11360;2368;377983;27288
04/06/2020;0.434352982;0.439375569;0.408421242;0.307306069;14257;883;14294;1744;14520;3160;406880;28897
04/07/2020;0.426981314;0.433346864;0.403566689;0.314180078;14627;370;16408;2114;18436;3916;437053;30173
04/08/2020;0.430194161;0.438169849;0.408445733;0.30992738;15959;1332;18632;2224;23196;4760;470466;33413
04/09/2020;0.428377368;0.434992059;0.406385808;0.311622863;16924;965;20864;2232;29706;6510;505517;35051
04/10/2020;0.426910885;0.433375999;0.405081042;0.313669052;18923;1999;23111;2247;37755;8049;537823;32306
04/11/2020;0.430207186;0.435123839;0.406792645;0.310829874;20131;1208;25335;2224;47264;9509;569994;32171
04/12/2020;0.435974193;0.439336979;0.411484999;0.306770562;20825;694;27213;1878;57426;10162;597685;27691
4/13/2020;0.432265444;0.437800058;0.408201868;0.30867713;23129;2304;29167;1954;68795;11369;623214;25529
4/14/2020;0.427055853;0.433718454;0.405000737;0.310988016;24595;1466;31692;2525;81485;12690;648716;25502
4/15/2020;0.428578248;0.433822619;0.405581162;0.310109663;25771;1176;34396;2704;95624;14139;674459;25743
4/16/2020;0.42961726;0.432497197;0.404794326;0.311054545;27032;1261;36848;2452;112172;16548;705842;31383
4/17/2020;0.428531169;0.433910066;0.405099871;0.311358474;28321;1289;39170;2322;130510;18338;736290;30448
4/18/2020;0.43300192;0.43563824;0.407264879;0.309978819;29780;1459;41064;1894;156036;25526;763970;27680
4/19/2020;0.436699739;0.433256621;0.408874052;0.309495914;30514;734;43055;1991;183170;27134;792029;28059
4/20/2020;0.434864672;0.436496447;0.408873116;0.30660323;31401;887;45192;2137;210846;27676;818715;26686
4/21/2020;0.429278384;0.432524455;0.405100861;0.310176577;32832;1431;47811;2619;240371;29525;843463;24748
4/22/2020;0.428481921;0.434168772;0.405049953;0.310097236;34423;1591;50067;2256;287986;47615;874684;31221
4/23/2020;0.427749143;0.43240052;0.40307471;0.312299562;35832;1409;52051;1984;337499;49513;906692;32008
4/24/2020;0.427581531;0.429971326;0.401661464;0.312546779;37030;1198;54163;2112;389345;51846;940757;34065
4/25/2020;0.42808312;0.429800058;0.401995289;0.313158991;38264;1234;55978;1815;448590;59245;973325;32568
4/26/2020;0.435005405;0.438837822;0.410141511;0.30536299;39373;1109;57532;1554;509689;61099;1001001;27676
4/27/2020;0.430400461;0.436418697;0.406899187;0.307242383;40556;1183;59061;1529;574433;64744;1025215;24214
4/28/2020;0.429069785;0.434877385;0.405545574;0.308068227;41809;1253;61246;2185;640231;65798;1049718;24503
4/29/2020;0.429275216;0.432943561;0.404456345;0.309422952;43674;1865;63623;2377;712040;71809;1078196;28478
4/30/2020;0.428858543;0.432918373;0.404229182;0.309944436;45099;1425;65859;2236;789392;77352;1110020;31824
05/01/2020;0.429077586;0.431618353;0.404108836;0.311837896;54154;9055;67741;1882;874075;84683;1140218;30198
05/02/2020;0.430470562;0.432930212;0.405760915;0.311969456;55430;1276;69303;1562;968605;94530;1168103;27885
05/03/2020;0.439965976;0.439542032;0.413686333;0.304523211;56457;1027;70769;1466;1065172;96567;1196056;27953
05/04/2020;0.436299459;0.43848057;0.410372191;0.304316066;57609;1152;72034;1265;1169436;104264;1217759;21703
05/05/2020;0.428930443;0.432818358;0.405034903;0.311753643;59008;1399;74513;2479;1276222;106786;1241759;24000
05/06/2020;0.429727187;0.431819647;0.404752969;0.311997791;60513;1505;76813;2300;1386960;110738;1266305;24546
05/07/2020;0.431903658;0.434524099;0.406098613;0.308445381;64066;3553;78938;2125;1501766;114806;1298616;32311
05/08/2020;0.429150221;0.431600731;0.403363713;0.310418174;69763;5697;80617;1679;1619434;117668;1326870;28254
05/09/2020;0.431360519;0.433347955;0.405710071;0.308361771;70891;1128;82092;1475;1748576;129142;1353085;26215
05/10/2020;0.44032667;0.442327454;0.4138234;0.301309074;71456;565;83185;1093;1880176;131600;1373426;20341
05/11/2020;0.437881392;0.44130379;0.412055786;0.301708811;72395;939;84279;1094;2018614;138438;1393725;20299
05/12/2020;0.432469121;0.434747383;0.405974653;0.305024123;73587;1192;85841;1562;2163325;144711;1418496;24771
5/13/2020;0.431672877;0.434906194;0.406461758;0.3068615;74860;1273;87508;1667;2311397;148072;1441824;23328
5/14/2020;0.430669389;0.432795706;0.404601669;0.307970777;77571;2711;89277;1769;2461830;150433;1471706;29882
5/15/2020;0.431107284;0.43254048;0.404467447;0.308453429;78553;982;90804;1527;2615812;153982;1498828;27122
5/16/2020;0.432489521;0.428897638;0.404233718;0.312382722;79936;1383;91998;1194;2779170;163358;1525602;26774
5/17/2020;0.436885047;0.433431504;0.408237493;0.308035884;80702;766;92922;924;2945190;166020;1544610;19008
5/18/2020;0.4349283;0.432805999;0.406342268;0.30678484;81505;803;93964;1042;3118741;173551;1570778;26168
5/19/2020;0.431723657;0.433040167;0.403125217;0.305751743;82791;1286;95199;1235;3297920;179179;1592047;21269
5/20/2020;0.431215357;0.432327568;0.40432519;0.306513586;84244;1453;96526;1327;3481367;183447;1616909;24862
5/21/2020;0.431085883;0.43142945;0.404161072;0.308530082;88618;4374;97608;1082;3667480;186113;1644635;27726
5/22/2020;0.430149909;0.431462847;0.404086734;0.309077598;92369;3751;99429;1821;3904248;236768;1671160;26525
5/23/2020;0.431413161;0.433631237;0.405697345;0.307554873;93499;1130;100331;902;4151362;247114;1692130;20970
5/24/2020;0.441001436;0.437495073;0.413740531;0.303365827;94286;787;101134;803;4402618;251256;1713130;21000
5/25/2020;0.442244485;0.438693753;0.414768063;0.301670659;94955;669;101846;712;4662590;259972;1731479;18349
5/26/2020;0.437296282;0.438232136;0.411240605;0.303042737;112110;17155;102726;880;4927199;264609;1748745;17266
5/27/2020;0.432025195;0.435041948;0.407311604;0.306931683;113495;1385;104063;1337;5198205;271006;1770186;21441
5/28/2020;0.434952739;0.437117943;0.410691234;0.304677863;114920;1425;105219;1156;5554658;356453;1794136;23950
5/29/2020;0.435128531;0.431796887;0.406796956;0.310545631;116329;1409;106250;1031;5916783;362125;1819756;25620
5/30/2020;0.441450969;0.43901863;0.412188289;0.305919682;117551;1222;107138;888;6288116;371333;1843698;23942
5/31/2020;0.458076014;0.453134263;0.426908902;0.289557194;118249;698;107809;671;6665066;376950;1863800;20102
06/01/2020;0.453566136;0.447970982;0.422453795;0.292883698;121001;2752;108520;711;7050563;385497;1881526;17726
06/02/2020;0.447640194;0.44584622;0.418647038;0.295683351;122579;1578;109478;958;7440915;390352;1902023;20497
06/03/2020;0.445882468;0.44433617;0.416733541;0.296150572;124590;2011;110499;1021;7845205;404290;1925263;23240
06/04/2020;0.44226469;0.441334654;0.412982362;0.299332962;121732;-2858;111377;878;8260506;415301;1949583;24320
06/05/2020;0.440993528;0.439425454;0.412573138;0.300390353;123250;1518;112260;883;8681173;420667;1975159;25576
06/06/2020;0.442084482;0.438436252;0.412648071;0.302480643;124235;985;112924;664;9109903;428730;1998893;23734
06/07/2020;0.445571931;0.437801475;0.414038005;0.298958991;124892;657;113477;553;9543020;433117;2016737;17844
06/08/2020;0.443758799;0.439112836;0.414546278;0.301920347;125964;1072;114303;826;9982523;439503;2035254;18517
06/09/2020;0.433878728;0.434732198;0.407008882;0.307451836;127244;1280;115175;872;10427516;444993;2054652;19398
06/10/2020;0.433999117;0.434963324;0.406714213;0.307968023;128483;1239;116023;848;10879716;452200;2079329;24677
06/11/2020;0.433599049;0.43484941;0.406210967;0.309342051;130009;1526;116885;862;11341147;461431;2103824;24495
06/12/2020;0.435197607;0.433223723;0.405750608;0.307881559;131380;1371;117595;710;11809187;468040;2133106;29282
6/13/2020;0.437126084;0.43366214;0.407295692;0.308486798;132345;965;118271;676;12285306;476119;2158569;25463
6/14/2020;0.443472097;0.438530054;0.412995429;0.304977062;132945;600;118728;457;12765903;480597;2179690;21121
6/15/2020;0.442356171;0.438463411;0.412202759;0.303872558;133609;664;119323;595;13254701;488798;2200897;21207
6/16/2020;0.437928687;0.43662977;0.408590403;0.302686919;134795;1186;120045;722;13749925;495224;2228152;27255
6/17/2020;0.437118061;0.435426021;0.40728329;0.305153205;135880;1085;120721;676;14252845;502920;2257823;29671
6/18/2020;0.437364991;0.433852282;0.407186276;0.306789045;136980;1100;121353;632;14764430;511585;2290346;32523
6/19/2020;0.437000123;0.430374703;0.405661234;0.309179777;138572;1592;122078;725;15282352;517922;2326713;36367
6/20/2020;0.443632941;0.434297525;0.409989235;0.305752466;139257;685;122639;561;15810233;527881;2362474;35761
6/21/2020;0.450002114;0.434659526;0.412196435;0.301383852;139776;519;123023;384;16342100;531867;2392292;29818
6/22/2020;0.443514879;0.436975523;0.411601105;0.302602546;140603;827;123539;516;16883327;541227;2422105;29813
6/23/2020;0.441829111;0.435668075;0.409313031;0.302916191;141869;1266;124353;814;17431366;548039;2459554;37449
6/24/2020;0.441691805;0.434824398;0.409428453;0.303497178;143115;1246;124985;632;17987616;556250;2501732;42178
6/25/2020;0.443408875;0.437635092;0.411439588;0.302066977;144413;1298;127535;2550;18551292;563676;2550496;48764
6/26/2020;0.446470714;0.440921929;0.415044112;0.299475302;145953;1540;128224;689;19121446;570154;2602567;52071
6/27/2020;0.450997972;0.440359864;0.416383536;0.298309012;147012;1059;128773;549;19699290;577844;2651575;49008
6/28/2020;0.452759712;0.442221343;0.417925695;0.296764768;147561;549;129234;461;20282241;582951;2696665;45090
6/29/2020;0.447407909;0.438528716;0.414405001;0.299462559;148289;728;129736;502;20875327;593086;2736482;39817
6/30/2020;0.44252957;0.437084506;0.411170585;0.301933582;149762;1473;130451;715;21483250;607923;2784412;47930
07/01/2020;0.443363223;0.437510395;0.411471099;0.30157157;151191;1429;131200;749;22099563;616313;2843330;58918
07/02/2020;0.443544813;0.437346928;0.4124561;0.303146972;152890;1699;131904;704;22766397;666834;2903867;60537
07/03/2020;0.444179871;0.436296542;0.412167637;0.304013046;154248;1358;132681;777;23440714;674317;2963940;60073
07/04/2020;0.443167724;0.432928055;0.409137672;0.306531034;155118;870;133187;506;24124599;683885;3017876;53936
07/05/2020;0.446697916;0.436322861;0.414262091;0.304055462;155701;583;133689;502;24815679;691080;3063403;45527
07/06/2020;0.449909838;0.444366017;0.420199081;0.295553163;156466;765;134337;648;25517423;701744;3111625;48222
07/07/2020;0.447280434;0.442026387;0.416108222;0.296483583;158441;1975;135277;940;26230734;713311;3168709;57084
07/08/2020;0.445796783;0.443134551;0.415189826;0.297152906;160329;1888;136333;1056;26959670;728936;3238351;69642
07/09/2020;0.447697452;0.449012771;0.418925205;0.291711314;161992;1663;137143;810;27703035;743365;3306775;68424
07/10/2020;0.445673405;0.446415095;0.418213033;0.294159136;164189;2197;138009;866;28459407;756372;3382191;75416
07/11/2020;0.448951323;0.448139366;0.420606661;0.29307961;169277;5088;138826;817;29227114;767707;3447111;64920
07/12/2020;0.453287713;0.450713749;0.424246168;0.291754563;170167;890;139577;751;30004567;777453;3509677;62566
7/13/2020;0.45117227;0.450657516;0.422467937;0.291829863;171287;1120;140304;727;30794785;790218;3569965;60288
7/14/2020;0.451045228;0.449493118;0.421087167;0.28913363;173609;2322;141294;990;31601349;806564;3631810;61845
7/15/2020;0.4473074;0.449048091;0.418562648;0.291010059;175924;2315;142399;1105;32433438;832089;3705262;73452
7/16/2020;0.449555804;0.447242126;0.41822085;0.290106777;178131;2207;143458;1059;33279010;845572;3782278;77016
7/17/2020;0.449984285;0.44788422;0.41963612;0.288963773;180616;2485;144486;1028;34139497;860487;3861184;78906
7/18/2020;0.449432441;0.449117833;0.421353941;0.290385166;182610;1994;145398;912;35014890;875393;3926207;65023
7/19/2020;0.451218847;0.449385792;0.423356743;0.290681906;183496;886;146245;847;35897778;882888;3987752;61545
7/20/2020;0.447902718;0.447764581;0.421159108;0.291988153;185059;1563;147144;899;36796916;899138;4049974;62222
7/21/2020;0.444509757;0.443982458;0.416780679;0.293737321;187614;2555;148397;1253;37718030;921114;4111942;61968
7/22/2020;0.443342905;0.444944634;0.415927303;0.294143793;189851;2237;149539;1142;38666339;948309;4181900;69958
7/23/2020;0.442760297;0.444052082;0.415704031;0.295429232;192222;2371;150737;1198;39634770;968431;4251884;69984
7/24/2020;0.44310282;0.442371879;0.416171924;0.296090562;195288;3066;151982;1245;40630475;995705;4325007;73123
7/25/2020;0.443677881;0.444687292;0.418740812;0.296233522;197104;1816;153023;1041;41642727;1012252;4385166;60159
7/26/2020;0.448854441;0.446742625;0.422403024;0.292938267;198484;1380;153817;794;42672448;1029721;4439833;54667
7/27/2020;0.445264639;0.442696592;0.417936107;0.29514728;200116;1632;154802;985;43715577;1043129;4493272;53439
7/28/2020;0.444614769;0.442758907;0.415452195;0.292583818;204183;4067;156107;1305;44786757;1071180;4551377;58105
7/29/2020;0.445438461;0.441742443;0.413792552;0.291932512;207043;2860;157329;1222;45891975;1105218;4617325;65948
7/30/2020;0.447011808;0.444029889;0.417744923;0.289222755;210336;3293;158712;1383;47019184;1127209;4683779;66454
7/31/2020;0.450488668;0.446329846;0.421369665;0.286035565;212867;2531;160062;1350;48169095;1149911;4750037;66258
08/01/2020;0.448020268;0.443787976;0.417916571;0.292001023;215252;2385;161152;1090;49341728;1172633;4806954;56917
08/02/2020;0.451256658;0.445013615;0.420838049;0.289874444;216084;832;161946;794;50520138;1178410;4856256;49302
08/03/2020;0.447076003;0.444739251;0.419670158;0.291936545;217642;1558;162904;958;51729715;1209577;4902770;46514
08/04/2020;0.444774385;0.444239043;0.417872402;0.293244395;222065;4423;163986;1082;52958326;1228611;4955407;52637
08/05/2020;0.443015523;0.444380655;0.418139515;0.294140487;224182;2117;165227;1241;54226754;1268428;5011764;56357
08/06/2020;0.445158756;0.444223468;0.418193049;0.292095486;226798;2616;166355;1128;55513805;1287051;5069554;57790
08/07/2020;0.44251205;0.443691035;0.415785137;0.295149552;234792;7994;167624;1269;56824756;1310951;5127688;58134
08/08/2020;0.4456556;0.444484077;0.418804442;0.294004749;236285;1493;168640;1016;58154282;1329526;5179787;52099
08/09/2020;0.449517884;0.445469682;0.421468126;0.290439076;237147;862;169378;738;59496953;1342671;5223274;43487
08/10/2020;0.446639884;0.443480284;0.418552661;0.293911913;238701;1554;170291;913;60852884;1355931;5263771;40497
08/11/2020;0.444698424;0.444161245;0.417541423;0.293594044;241325;2624;171514;1223;62238284;1385400;5313442;49671
08/12/2020;0.440917611;0.441112416;0.414591212;0.297181938;244296;2971;172786;1272;63662388;1424104;5366889;53447
8/13/2020;0.442983731;0.442596334;0.416259559;0.29547561;246971;2675;173928;1142;65105506;1443118;5419009;52120
8/14/2020;0.443283731;0.444058053;0.416973279;0.294669272;249112;2141;175002;1074;66567774;1462268;5472584;53575
8/15/2020;0.441156564;0.441620791;0.415120945;0.297672884;251003;1891;175963;961;68051240;1483466;5518482;45898
8/16/2020;0.446073875;0.443600536;0.423140433;0.291095647;251688;685;176824;861;69548353;1497113;5556067;37585
8/17/2020;0.442654722;0.443882757;0.417839379;0.295085277;252912;1224;177565;741;71065765;1517412;5594652;38585
8/18/2020;0.442664782;0.442890534;0.417022124;0.297465996;255173;2261;178677;1112;72605578;1539813;5636137;41485
8/19/2020;0.441399208;0.44022089;0.413575525;0.299210397;257156;1983;179854;1177;74179640;1574062;5682520;46383
8/20/2020;0.440574705;0.44129462;0.415468424;0.300397551;259139;1983;180783;929;75774289;1594649;5729295;46775
8/21/2020;0.439362838;0.438523179;0.413377911;0.300137233;260921;1782;181733;950;77385743;1611454;5775406;46111
8/22/2020;0.442911389;0.442049318;0.417212412;0.297640209;262525;1604;182594;861;79017136;1631393;5816939;41533
8/23/2020;0.449664062;0.443703605;0.419622676;0.293351831;263223;698;183283;689;80660299;1643163;5850564;33625
8/24/2020;0.448447312;0.447286882;0.419382302;0.289376344;264254;1031;184019;736;82317242;1656943;5886186;35622
8/25/2020;0.441864185;0.442438772;0.414435176;0.297218243;266242;1988;185040;1021;84004145;1686903;5926146;39960
8/26/2020;0.440373485;0.442596443;0.414588765;0.297945826;268046;1804;186044;1004;85720427;1716282;5973047;46901
8/27/2020;0.444560816;0.44558373;0.416996597;0.292991742;269700;1654;186998;954;87452066;1731639;6021244;48197
8/28/2020;0.44530959;0.441740351;0.415548536;0.295250948;271342;1642;187889;891;89199179;1747113;6067695;46451
8/29/2020;0.44584224;0.443439217;0.417814777;0.295975553;272641;1299;188728;839;90967603;1768424;6107510;39815
8/30/2020;0.45612003;0.451597818;0.427992817;0.286069522;273303;662;189266;538;92748578;1780975;6140681;33171
8/31/2020;0.458057527;0.459956594;0.43306656;0.280205464;274013;710;189910;644;94549696;1801118;6173305;32624
09/01/2020;0.450370572;0.452498572;0.425302202;0.287326381;275880;1867;190968;1058;96367494;1817798;6217471;44166
09/02/2020;0.446075128;0.446225119;0.420199104;0.291935624;277401;1521;191773;805;98212707;1845213;6261464;43993
09/03/2020;0.446068231;0.446657525;0.417823545;0.291938073;278889;1488;192714;941;100092030;1879323;6307811;46347
09/04/2020;0.444932705;0.443822331;0.416563885;0.295438974;280138;1249;193529;815;101986399;1894369;6357435;49624
09/05/2020;0.442465062;0.44265534;0.416293396;0.298756157;281311;1173;194164;635;103898594;1912195;6396463;39028
09/06/2020;0.447007663;0.44273811;0.418247204;0.295947819;281810;499;194757;593;105823920;1925326;6427983;31520
09/07/2020;0.447632556;0.444018528;0.420029349;0.294107052;282284;474;195218;461;107754744;1930824;6451640;23657
09/08/2020;0.443635434;0.443066189;0.416761152;0.29643544;283271;987;195798;580;109709836;1955092;6480253;28613
09/09/2020;0.442723043;0.442408715;0.414472053;0.296248012;285189;1918;196749;951;111692025;1982189;6518389;38136
09/10/2020;0.461793589;0.453928364;0.426313676;0.279760533;286686;1497;197683;934;113688905;1996880;6558744;40355
09/11/2020;0.455756713;0.447983025;0.425065429;0.286619831;288196;1510;198582;899;115698814;2009909;6603982;45238
09/12/2020;0.450317675;0.446027164;0.422689038;0.292346867;289341;1145;199235;653;117728940;2030126;6642848;38866
9/13/2020;0.452524174;0.442978314;0.42165628;0.291219415;289886;545;199836;601;119769586;2040646;6673405;30557
9/14/2020;0.452542344;0.446721166;0.421312527;0.289003674;290798;912;200344;508;121826205;2056619;6707967;34562
9/15/2020;0.445484799;0.443074582;0.415355876;0.293999418;292282;1484;201200;856;123898782;2072577;6745995;38028
9/16/2020;0.443573608;0.438430043;0.413307004;0.296761169;293743;1461;202290;1090;126000434;2101652;6791125;45130
9/17/2020;0.445852642;0.442995975;0.415649332;0.2921947;295292;1549;203071;781;128115497;2115063;6837542;46417
9/18/2020;0.445736588;0.440087968;0.415079778;0.294497629;296715;1423;203935;864;130246649;2131152;6885673;48131
9/19/2020;0.445972866;0.440558518;0.417297473;0.295534275;297766;1051;204507;572;132396971;2150322;6927490;41817
9/20/2020;0.446950434;0.440540426;0.420212427;0.297782467;298291;525;204924;417;134557898;2160927;6959799;32309
9/21/2020;0.445436596;0.441758855;0.418330543;0.297390281;299355;1064;205501;577;136735049;2177151;7000977;41178
9/22/2020;0.44715222;0.443443435;0.419424357;0.292081521;300889;1534;206231;730;138942007;2206958;7052052;51075
9/23/2020;0.447045507;0.445568525;0.421623044;0.291787592;302343;1454;207180;949;141172919;2230912;7096648;44596
9/24/2020;0.439973682;0.438955304;0.412617694;0.298038084;303827;1484;207986;806;143440625;2267706;7142958;46310
9/25/2020;0.438585191;0.437585874;0.412743843;0.301901075;305160;1333;208746;760;145724248;2283623;7193261;50303
9/26/2020;0.44225171;0.438238597;0.41454058;0.301086093;306374;1214;209404;658;148030211;2305963;7234886;41625
9/27/2020;0.448069035;0.439489766;0.418900279;0.296978388;306987;613;209850;446;150351255;2321044;7269428;34542
9/28/2020;0.444339501;0.439847449;0.417056365;0.29696803;308168;1181;210312;462;152691930;2340675;7308100;38672
9/29/2020;0.438577488;0.438539871;0.413510835;0.301316899;309841;1673;211217;905;155049866;2357936;7349743;41643
9/30/2020;0.447849033;0.437761058;0.417155873;0.291150442;311459;1618;211883;666;157433655;2383789;7397424;47681
10/01/2020;0.437132933;0.43438774;0.411803457;0.304221129;313216;1757;212662;779;159836419;2402764;7446048;48624
10/02/2020;0.446947924;0.426829364;0.40638694;0.296691227;314659;1443;213477;815;162252336;2415917;7497938;51890
10/03/2020;0.453149477;0.433843214;0.413778317;0.289034538;315747;1088;214100;623;164689754;2437418;7545853;47915
10/04/2020;0.456650474;0.434937921;0.414937696;0.289180975;316410;663;214662;562;167141172;2451418;7582391;36538
10/05/2020;0.463163998;0.439412026;0.418075275;0.285434404;317857;1447;215229;567;169606050;2464878;7624111;41720
10/06/2020;0.459139199;0.438609661;0.419052888;0.289714833;317105;-752;215896;667;172086895;2480845;7668033;43922
10/07/2020;0.454001502;0.43420903;0.414947688;0.290390757;319243;2138;216734;838;174614094;2527199;7726414;58381
10/08/2020;0.444417328;0.423549479;0.40497955;0.29880611;321377;2134;217515;781;177161468;2547374;7782679;56265
10/09/2020;0.443793912;0.424136183;0.405288146;0.302006684;323113;1736;218329;814;179719725;2558257;7842031;59352
10/10/2020;0.445711451;0.427366414;0.407053843;0.300538559;324598;1485;218929;600;182301330;2581605;7891527;49496
10/11/2020;0.447100852;0.429738917;0.411494192;0.301503499;325581;983;219598;669;184894407;2593077;7939318;47791
10/12/2020;0.446071718;0.426260585;0.41013014;0.302794857;326685;1104;220178;580;187503399;2608992;7987731;48413
10/13/2020;0.443924986;0.429814364;0.408854304;0.303418619;328743;2058;220986;808;190128857;2625458;8041654;53923
10/14/2020;0.43940128;0.428279373;0.407326544;0.306369147;331180;2437;221825;839;192784043;2655186;8102780;61126
10/15/2020;0.438427049;0.429805204;0.407553898;0.304972557;333190;2010;222603;778;195459468;2675425;8167015;64235
10/16/2020;0.43778161;0.427689357;0.405624348;0.307579091;335056;1866;223480;877;198153488;2694020;8237013;69998
10/17/2020;0.437796678;0.428081785;0.40741491;0.309402427;336602;1546;224171;691;200870112;2716624;8293108;56095
10/18/2020;0.442918417;0.42483559;0.408781397;0.307420996;337415;813;224846;675;203598800;2728688;8341043;47935
10/19/2020;0.441971736;0.430499574;0.409857241;0.303223507;339020;1605;225529;683;206352135;2753335;8399271;58228
10/20/2020;0.441129869;0.432049857;0.409410403;0.302519068;341329;2309;226386;857;209126695;2774560;8464367;65096
10/21/2020;0.440589068;0.435261758;0.411623952;0.301123045;343728;2399;227490;1104;211927515;2800820;8534034;69667
10/22/2020;0.43733755;0.434477673;0.409554782;0.303784801;345957;2229;228347;857;214756444;2828929;8613414;79380
10/23/2020;0.442536187;0.431152614;0.41031075;0.298652998;348758;2801;229258;911;217605937;2849493;8691643;78229
10/24/2020;0.442884339;0.439171226;0.413477443;0.300695548;350580;1822;230058;800;220485534;2879597;8766960;75317
10/25/2020;0.452082803;0.439270751;0.418438932;0.293988974;351656;1076;230634;576;223380257;2894723;8829067;62107
10/26/2020;0.448214473;0.433561997;0.414756346;0.298385681;353353;1697;231349;715;226297510;2917253;8899295;70228
10/27/2020;0.442968801;0.432261871;0.411528865;0.302907891;355643;2290;232295;946;229240070;2942560;8978335;79040
10/28/2020;0.443750372;0.430434032;0.411682386;0.304587289;358104;2461;233321;1026;232210907;2970837;9065867;87532
10/29/2020;0.442688174;0.434468627;0.411951243;0.302547485;360425;2321;234427;1106;235206106;2995199;9158172;92305
10/30/2020;0.443137083;0.435330879;0.412989102;0.303597427;362828;2403;235400;973;238223353;3017247;9259052;100880
10/31/2020;0.450629603;0.438587091;0.417608469;0.299365346;364944;2116;236274;874;241273120;3049767;9346021;86969
11/01/2020;0.451301202;0.435422882;0.418064812;0.302411193;366110;1166;236936;662;244343003;3069883;9489699;143678
11/02/2020;0.451921611;0.437359533;0.418340609;0.29709907;367509;1399;237759;823;247437292;3094289;9582516;92817
11/03/2020;0.444799944;0.436721998;0.415217268;0.300509383;370644;3135;238888;1129;250559416;3122124;9685119;102603
11/04/2020;0.447244672;0.43412517;0.41621973;0.298705433;373751;3107;240121;1233;253717771;3158355;9803256;118137
11/05/2020;0.443743433;0.430912528;0.413044024;0.301232542;376304;2553;241312;1191;256911105;3193334;9933669;130413
11/06/2020;0.444043688;0.431267173;0.413300596;0.302936631;379425;3121;242587;1275;260119260;3208155;10074362;140693
11/07/2020;0.445466555;0.433214246;0.414260566;0.298866701;381766;2341;243696;1109;263366176;3246916;10168461;94099
11/08/2020;0.439797912;0.416915767;0.40990363;0.311526723;383233;1467;244519;823;266641685;3275509;10277638;109177
11/09/2020;0.435971579;0.423527405;0.403570262;0.312169669;385409;2176;245574;1055;269945656;3303971;10405866;128228
11/10/2020;0.434526174;0.428324577;0.403430068;0.308958967;389479;4070;247324;1750;273279685;3334029;10557816;151950
11/11/2020;0.436602818;0.433275088;0.40893317;0.30906002;392760;3281;248339;1015;276645545;3365860;10717965;160149
11/12/2020;0.44239166;0.43502223;0.413343222;0.304785578;396322;3562;250170;1831;280061839;3416294;10885590;167625
11/13/2020;0.443500825;0.433425715;0.413321292;0.30560293;399995;3673;251476;1306;283518482;3456643;11070771;185181
11/14/2020;0.446835908;0.435822831;0.415429846;0.302765242;403463;3468;252922;1446;287025853;3507371;11229422;158651
11/15/2020;0.448701951;0.434479949;0.41826636;0.30235385;405331;1868;253975;1053;290568280;3542427;11371241;141819
11/16/2020;0.446286683;0.439619262;0.417150439;0.302037589;408238;2907;255118;1143;294151312;3583032;11524403;153162
11/17/2020;0.443855101;0.438108858;0.415031183;0.302596333;412125;3887;256801;1683;297772504;3621192;11695558;171155
11/18/2020;0.437390387;0.431787952;0.409149113;0.309030554;416477;4352;258690;1889;301445523;3673019;11876022;180464
11/19/2020;0.44384714;0.438342581;0.416295876;0.303275136;420933;4456;260606;1916;305176427;3730904;12071096;195074
11/20/2020;0.441100239;0.433880315;0.412862454;0.306969181;424836;3903;262567;1961;308950232;3773805;12273129;202033
11/21/2020;0.438382298;0.42670762;0.408993626;0.309661556;428211;3375;264272;1705;312792997;3842765;12447205;174076
11/22/2020;0.445938209;0.430589821;0.41443132;0.307351207;430502;2291;265592;1320;316629998;3837001;12598657;151452
11/23/2020;0.442307951;0.43342072;0.414472082;0.307239347;433337;2835;267171;1579;320551296;3921298;12764080;165423
11/24/2020;0.435093851;0.428945172;0.409109672;0.313803833;438022;4685;269141;1970;324530411;3979115;12941000;176920
11/25/2020;0.435946177;0.429713245;0.411036456;0.313412932;442560;4538;271437;2296;328642049;4111638;13140423;199423
11/26/2020;0.436027244;0.424413505;0.411653799;0.318419144;444893;2333;273095;1658;332782658;4140609;13297578;157155
11/27/2020;0.430173435;0.417134884;0.408220494;0.326658353;448311;3418;274801;1706;336993173;4210515;13465507;167929
11/28/2020;0.440397101;0.42969663;0.414283132;0.309411251;451796;3485;276398;1597;341277031;4283858;13602902;137395
11/29/2020;0.441998312;0.425036291;0.413838294;0.309424775;454225;2429;277812;1414;345598343;4321312;13745034;142132
11/30/2020;0.440779403;0.430840755;0.414676589;0.310433024;457619;3394;279638;1826;349971494;4373151;13908633;163599
12/01/2020;0.437306985;0.430713358;0.411847738;0.310601993;462535;4916;282075;2437;354416890;4445396;14109847;201214
12/02/2020;0.432028952;0.43213133;0.409744862;0.312807731;467773;5238;284886;2811;358950828;4533938;14333975;224128
12/03/2020;0.436135395;0.432057287;0.410738262;0.311029207;473142;5369;287709;2823;363559662;4608834;14575036;241061
12/04/2020;0.43759489;0.432968703;0.412249848;0.308306637;477796;4654;290304;2595;368227376;4667714;14811231;236195
12/05/2020;0.441953693;0.435854208;0.416063371;0.303892188;481309;3513;292681;2377;372995504;4768128;15024761;213530
12/06/2020;0.445097388;0.433551207;0.417079209;0.305602227;483620;2311;294439;1758;377808035;4812531;15202130;177369
12/07/2020;0.442478465;0.431029631;0.411401555;0.304546567;487081;3461;296647;2208;382659166;4851131;15391846;189716
12/08/2020;0.44206046;0.43544746;0.412859191;0.305142617;491491;4410;299284;2637;387576593;4917427;15616038;224192
12/09/2020;0.439504478;0.431577977;0.41108803;0.307239882;496791;5300;302702;3418;392589284;5012691;15845518;229480
12/10/2020;0.439454413;0.438780607;0.414635885;0.3046221;501241;4450;305475;2773;397687485;5098201;16069897;224379
12/11/2020;0.437822248;0.435087027;0.412386836;0.306277976;506652;5411;308790;3315;402928630;5241145;16323747;253850
12/12/2020;0.436294878;0.433016211;0.409395097;0.309541064;510441;3789;311313;2523;408276203;5347573;16543330;219583
12/13/2020;0.439063839;0.431139476;0.414268863;0.310509343;512755;2314;313470;2157;413671123;5394920;16726880;183550
12/14/2020;0.438112182;0.435260622;0.411360229;0.30840699;516216;3461;315763;2293;419134814;5463691;16921787;194907
12/15/2020;0.429043218;0.434502976;0.406693842;0.314492623;520646;4430;318690;2927;424681570;5546756;17113252;191465
12/16/2020;0.432730949;0.431868695;0.407237835;0.311077274;525422;4776;322174;3484;430327488;5645918;17346420;233168
12/17/2020;0.435454848;0.433822308;0.409791882;0.309268986;530589;5167;325507;3333;436053705;5726217;17588564;242144
12/18/2020;0.436442718;0.436339278;0.411815255;0.308714945;535803;5214;328486;2979;441853560;5799855;17828467;239903
12/19/2020;0.439202249;0.436118356;0.412308895;0.309576168;539232;3429;331283;2797;447768645;5915085;18031528;203061
12/20/2020;0.448040224;0.440835076;0.419572421;0.300765067;541614;2382;333595;2312;453731444;5962799;18205882;174354
12/21/2020;0.440965644;0.432600718;0.412222968;0.307342728;544725;3111;336153;2558;459753679;6022235;18381655;175773
12/22/2020;0.439342631;0.427347661;0.410459553;0.308787159;549292;4567;339363;3210;465850468;6096789;18577840;196185
12/23/2020;0.441353772;0.425181108;0.411800396;0.306201835;554087;4795;342701;3338;472046605;6196137;18813416;235576
12/24/2020;0.436977752;0.428061398;0.41215636;0.31158024;558376;4289;345143;2442;478336220;6289615;19004841;191425
12/25/2020;0.436702485;0.426815616;0.416160687;0.318500586;560423;2047;347375;2232;484642683;6306463;19150460;145619
12/26/2020;0.434904448;0.427853536;0.415805924;0.31960844;562715;2292;350425;3050;491054936;6412253;19331079;180619
12/27/2020;0.448267068;0.441004742;0.42435006;0.299328163;565017;2302;352753;2328;497520752;6465816;19444753;113674
12/28/2020;0.446467332;0.436695147;0.420768068;0.300444534;568740;3723;355519;2766;504051369;6530617;19635324;190571
12/29/2020;0.437106998;0.43449146;0.413500018;0.307553421;574001;5261;359258;3739;510673671;6622302;19853487;218163
12/30/2020;0.439429015;0.438783954;0.417403708;0.302949853;579515;5514;363163;3905;517394963;6721292;20122124;268637
12/31/2020;0.438893024;0.435317884;0.416444609;0.309770293;583863;4348;366785;3622;524222210;6827247;20390673;268549
01/01/2021;0.434284693;0.426794402;0.412999798;0.322798872;588413;4550;369727;2942;531075172;6852962;20590029;199356
