,0
0,3.447276e-17
1,0.0
2,0.001540033
3,0.0034523401
4,0.0056041996
5,0.007879791
6,0.010185609
7,0.012450432
8,0.016072448
9,0.020323865
10,0.025663586
11,0.032271568
12,0.04050384
13,0.050759915
14,0.06352011
15,0.07946018
16,0.09934241
17,0.12416886
18,0.155146
19,0.19379574
20,0.24192816
21,0.30207086
22,0.37715632
23,0.4708823
24,0.5874605
25,0.73273784
26,0.91440994
27,1.1408417
28,1.4227138
29,1.7746761
30,2.213611
31,2.7620907
32,3.4461906
33,4.300575
34,5.367482
35,6.6988096
36,8.361846
37,10.436959
38,13.025615
39,16.254139
40,20.277056
41,25.288805
42,31.513983
43,39.252083
44,48.851254
45,60.761627
46,75.51373
47,93.74485
48,116.243
49,143.94055
50,177.93651
51,219.41583
52,269.88724
53,331.0577
54,404.56662
55,492.09378
56,595.4221
57,715.4565
58,852.40216
59,1005.7571
60,1174.1318
61,1353.0061
62,1536.8411
63,1718.6307
64,1888.9071
65,2039.7208
66,2162.9775
67,2252.889
68,2306.0251
69,2322.0938
70,2302.7778
71,2251.8394
72,2174.1052
73,2075.0693
74,1960.1189
75,1834.3446
76,1702.2828
77,1567.7861
78,1434.0775
79,1303.69
80,1178.5312
81,1059.9836
82,948.9248
83,845.9018
84,751.1322
85,664.5998
86,586.10767
87,515.31976
88,451.8122
89,395.1032
90,344.67984
91,300.01648
92,260.59558
93,225.9119
94,195.48676
95,168.86937
96,145.64183
97,125.420204
98,107.853
99,92.62241
100,79.44232
101,68.05677
102,58.23747
103,49.782013
104,42.511456
105,36.268147
106,30.913797
107,26.327303
108,22.403017
109,19.048897
110,16.184984
111,13.741989
112,11.659945
113,9.887038
114,8.378608
115,7.0961847
116,6.0067153
117,5.081821
118,4.2971687
119,3.6319168
120,3.068234
121,2.5908914
122,2.1868875
123,1.8451334
124,1.5561821
125,1.3119944
126,1.1057281
127,0.93157125
128,0.78458697
129,0.66058564
130,0.5560139
131,0.46786016
132,0.39357215
133,0.33099115
134,0.27828896
135,0.23392029
136,0.1965785
137,0.16515972
138,0.1387319
139,0.116508074
140,0.09782427
141,0.08212051
142,0.06892458
143,0.05783849
144,0.048526987
145,0.04070764
146,0.034142658
147,0.028631901
148,0.024006953
149,0.02012612
150,0.016870247
151,0.014139169
152,0.011848644
153,0.009927918
154,0.008317529
155,0.0069675334
156,0.0058359825
157,0.0048876577
158,0.0040929927
159,0.0034271758
160,0.0028693818
161,0.0024021396
162,0.002010794
163,0.0016830524
164,0.0014086057
165,0.0011788127
166,0.0009864252
167,0.0008253712
168,0.00069055957
169,0.0005777241
170,0.00048329108
171,0.00040426548
172,0.00033813863
173,0.0002828103
174,0.00023651999
175,0.00019779422
176,0.0001653993
177,0.000138302
178,0.00011563761
179,9.6682066e-05
180,8.082951e-05
181,6.757277e-05
182,5.648746e-05
183,4.721837e-05
184,3.946843e-05
185,3.2988955e-05
186,2.7572021e-05
187,2.304355e-05
188,1.925805e-05
189,1.609376e-05
190,1.3448856e-05
191,1.1238198e-05
192,9.3905655e-06
193,7.846409e-06
194,6.555931e-06
195,5.4775114e-06
196,4.576333e-06
197,3.823292e-06
198,3.1940644e-06
199,2.668311e-06
200,2.22903e-06
201,1.8620126e-06
202,1.5553803e-06
203,1.2992092e-06
204,1.0851987e-06
205,9.064172e-07
206,7.57069e-07
207,6.323127e-07
208,5.28102e-07
209,4.4105525e-07
210,3.6834783e-07
211,3.0761905e-07
212,2.5689653e-07
213,2.1453312e-07
214,1.7915158e-07
215,1.4960229e-07
216,1.2492424e-07
217,1.0431501e-07
218,8.7104034e-08
219,7.273132e-08
220,6.072905e-08
221,5.0706515e-08
222,4.2337277e-08
223,3.534882e-08
224,2.951342e-08
225,2.4640888e-08
226,2.0572479e-08
227,1.7175505e-08
228,1.43392365e-08
229,1.1971141e-08
230,9.993986e-09
231,8.34325e-09
232,6.9650747e-09
233,5.814468e-09
234,4.853875e-09
235,4.0519197e-09
236,3.3824201e-09
237,2.823502e-09
238,2.3569144e-09
239,1.9674045e-09
240,1.6422453e-09
241,1.3708107e-09
242,1.1442254e-09
243,9.550828e-10
244,7.971957e-10
245,6.654023e-10
246,5.5539057e-10
247,4.6356272e-10
248,3.869137e-10
249,3.2293457e-10
250,2.6953198e-10
251,2.2495858e-10
252,1.8775423e-10
253,1.5670158e-10
254,1.3078329e-10
255,1.09150834e-10
256,9.10958e-11
257,7.60265e-11
258,6.34495e-11
259,5.295264e-11
260,4.4191928e-11
261,3.688032e-11
262,3.0778158e-11
263,2.5685455e-11
264,2.143525e-11
265,1.788817e-11
266,1.492794e-11
267,1.2457496e-11
268,1.0395802e-11
269,8.675254e-12
270,7.2394074e-12
271,6.0411624e-12
272,5.0412166e-12
273,4.206748e-12
274,3.5103853e-12
275,2.9292742e-12
276,2.4443462e-12
277,2.0396794e-12
278,1.7019962e-12
279,1.4202091e-12
280,1.1850675e-12
281,9.888523e-13
282,8.2511954e-13
283,6.8849256e-13
284,5.744861e-13
285,4.7935473e-13
286,3.9997395e-13
287,3.3373697e-13
288,2.7846703e-13
289,2.323491e-13
290,1.9386802e-13
291,1.6175888e-13
292,1.3496722e-13
293,1.1261227e-13
294,9.3959576e-14
295,7.839598e-14
296,6.5410025e-14
297,5.4574878e-14
298,4.553436e-14
299,3.7991196e-14
300,3.1697487e-14
301,2.6446283e-14
302,2.206491e-14
303,1.8409312e-14
304,1.5359274e-14
305,1.2814505e-14
306,1.069131e-14
307,8.919862e-15
308,7.4418985e-15
309,6.2087845e-15
310,5.1799787e-15
311,4.3216235e-15
312,3.6054936e-15
313,3.008016e-15
314,2.5095373e-15
315,2.0936583e-15
316,1.7466895e-15
317,1.457216e-15
318,1.2157108e-15
319,1.0142267e-15
320,8.4613133e-16
321,7.058933e-16
322,5.8889606e-16
323,4.9128784e-16
324,4.0985648e-16
325,3.419216e-16
326,2.8524576e-16
327,2.379634e-16
328,1.9851788e-16
329,1.6561041e-16
330,1.381573e-16
331,1.1525467e-16
332,9.6148324e-17
333,8.020898e-17
334,6.6911884e-17
335,5.5819e-17
336,4.6564925e-17
337,3.884494e-17
338,3.240474e-17
339,2.7032196e-17
340,2.2550297e-17
341,1.8811432e-17
342,1.5692448e-17
343,1.3090532e-17
344,1.0920006e-17
345,9.109339e-18
346,7.598882e-18
347,6.3388633e-18
348,5.2877525e-18
349,4.4109253e-18
350,3.6794855e-18
351,3.069327e-18
352,2.5603415e-18
353,2.1357545e-18
354,1.781573e-18
355,1.4861239e-18
356,1.2396652e-18
357,1.0340763e-18
358,8.625812e-19
359,7.195249e-19
360,6.0019264e-19
361,5.0065e-19
362,4.176156e-19
363,3.4835145e-19
364,2.9057436e-19
365,2.4237984e-19
366,2.0217817e-19
367,1.6864397e-19
368,1.4067154e-19
369,1.1733841e-19
370,9.78753e-20
371,8.164048e-20
372,6.809828e-20
373,5.6802305e-20
374,4.7379962e-20
375,3.9520483e-20
376,3.296468e-20
377,2.7496308e-20
378,2.2934993e-20
379,1.9130303e-20
380,1.5956753e-20
381,1.3309623e-20
382,1.1101605e-20
383,9.259872e-21
384,7.7236625e-21
385,6.4422975e-21
386,5.373497e-21
387,4.4820042e-21
388,3.738407e-21
389,3.1181668e-21
390,2.6008323e-21
391,2.1693187e-21
392,1.809397e-21
393,1.5091874e-21
394,1.2587851e-21
395,1.0499277e-21
396,8.757217e-22
397,7.3041845e-22
398,6.0922357e-22
399,5.081368e-22
400,4.238221e-22
401,3.5349693e-22
402,2.9484034e-22
403,2.4591652e-22
404,2.051101e-22
405,1.7107475e-22
406,1.4268664e-22
